{
  "project_info": {
    "project_number": "357101767611",
    "project_id": "animalia-fbff6",
    "storage_bucket": "animalia-fbff6.appspot.com"
  },
  "client": [
    {
      "client_info": {
        "mobilesdk_app_id": "1:357101767611:android:bd63e64c0da757b171129e",
        "android_client_info": {
          "package_name": "com.mycompany.animalia"
        }
      },
      "oauth_client": [
        {
          "client_id": "357101767611-evgep0facfr1prkt7h2ttitu4i484ckb.apps.googleusercontent.com",
          "client_type": 1,
          "android_info": {
            "package_name": "com.mycompany.animalia",
            "certificate_hash": "9bbb3186b2189ef16d8f272bdab59362c395cbb4"
          }
        },
        {
          "client_id": "357101767611-olqcko3ll8cf13tv8u9v6ofrsmlkkbqd.apps.googleusercontent.com",
          "client_type": 3
        }
      ],
      "api_key": [
        {
          "current_key": "AIzaSyAk42eraL_rt5K7mqkoSvZCxghAlTmgp08"
        }
      ],
      "services": {
        "appinvite_service": {
          "other_platform_oauth_client": [
            {
              "client_id": "357101767611-cc02qirqtgb4fqe18piuu8sq7uhpo6bt.apps.googleusercontent.com",
              "client_type": 3
            },
            {
              "client_id": "357101767611-v3uv068tf00oaavt37p23dpkmdkgnaeq.apps.googleusercontent.com",
              "client_type": 2,
              "ios_info": {
                "bundle_id": "com.mycompany.animalia"
              }
            }
          ]
        }
      }
    }
  ],
  "configuration_version": "1"
}